DROP DATABASE IF EXISTS ctf_league;
CREATE DATABASE ctf_league;
USE ctf_league;

CREATE TABLE challenges (
    chal_id INT(11) NOT NULL AUTO_INCREMENT PRIMARY KEY,
    flag VARCHAR(150),
    points INT(11),
    name VARCHAR(50),
    download VARCHAR(150),
    access VARCHAR(150),
    description VARCHAR(1000),
    category VARCHAR(20),
    release_time TIMESTAMP,
    num_weeks INT(11)
);

CREATE TABLE members (
    id VARCHAR(255) NOT NULL PRIMARY KEY,
    username TEXT NOT NULL,
    email TEXT,
    token TEXT NOT NULL,
    verified INT(11) NOT NULL DEFAULT 0,
    is_first_blood_eligible INT(11) DEFAULT 1
);

CREATE TABLE reg_queue (
    discord_id BIGINT(20) NOT NULL PRIMARY KEY
);

CREATE TABLE reg_queue_online (
    discord_id BIGINT(20) NOT NULL PRIMARY KEY
);

CREATE TABLE solo_solves (
    solve_id INT(11) NOT NULL PRIMARY KEY AUTO_INCREMENT,
    discord_id BIGINT(20) NOT NULL,
    chal_id INT(11) NOT NULL,
    submission_time TIMESTAMP NOT NULL DEFAULT CURRENT_TIMESTAMP ON UPDATE CURRENT_TIMESTAMP
);

CREATE TABLE solves (
    solve_id INT(11) NOT NULL PRIMARY KEY,
    team_id INT(11) NOT NULL,
    chal_id INT(11) NOT NULL,
    submission_time TIMESTAMP NOT NULL DEFAULT CURRENT_TIMESTAMP ON UPDATE CURRENT_TIMESTAMP,
    is_first_blood_eligible INT(11) DEFAULT 1
);

CREATE TABLE teams (
    team_id INT(11) NOT NULL PRIMARY KEY AUTO_INCREMENT,
    chal_id0 INT(11) NOT NULL,
    player_0 BIGINT(20) NOT NULL,
    player_1 BIGINT(20),
    player_2 BIGINT(20),
    player_3 BIGINT(20),
    player_4 BIGINT(20),
    player_5 BIGINT(20),
    player_6 BIGINT(20),
    player_7 BIGINT(20),
    player_8 BIGINT(20),
    player_9 BIGINT(20),
    text_channel BIGINT(20),
    chal_id1 INT(11),
    chal_id2 INT(11),
    player_10 BIGINT(20),
    player_11 BIGINT(20),
    player_12 BIGINT(20),
    player_13 BIGINT(20),
    player_14 BIGINT(20),
    player_15 BIGINT(20),
    player_16 BIGINT(20),
    player_17 BIGINT(20),
    player_18 BIGINT(20),
    player_19 BIGINT(20),
    player_20 BIGINT(20)
);

CREATE TABLE users (
    discord_id BIGINT(20) NOT NULL PRIMARY KEY,
    nickname VARCHAR(20)
);

CREATE TABLE writeups (
    chal_id INT(11) NOT NULL,
    user_id BIGINT(20) NOT NULL,
    text VARCHAR(5000),
    approved TINYINT(1),
    writeup_id INT(11) NOT NULL PRIMARY KEY,
    approved_date TIMESTAMP NOT NULL DEFAULT CURRENT_TIMESTAMP ON UPDATE CURRENT_TIMESTAMP
);

INSERT INTO `challenges` VALUES (1,'REDACTED',200,'hash_browns','None','http://chal.ctf-league.osusec.org:31337/','Welcome to the OSUSEC CTF League! The goal of each of these challenges is to find a flag that will be in the form `osu{not_the_flag}`. When you capture the flag, submit it in this channel using `$submit <flag>`. To start, open the linked website in your browser. Good luck!','web','2021-10-02 01:51:51',1),(2,'REDACTED',200,'ultrasecure','http://chal.ctf-league.osusec.org:1337/static/ultrasecure','nc chal.ctf-league.osusec.org 4545','Use `pwntools` and `ghidra` to reverse engineer and break into the ultrasecure(tm) vault!','rev','2021-10-09 01:41:00',1),(3,'REDACTED',400,'secure-encryptor','http://chal.ctf-league.osusec.org:1337/static/secure-encryptor','nc chal.ctf-league.osusec.org 4646','Someone took the flag and encrypted it! Fortunately for us, they don\'t know that a one time pad shouldn\'t be used more than. Can you break the secure-encryptor and retrieve the flag? I\'ve heard it might have something to do with the answer to life, the universe, and everything...','crypto','2021-10-16 01:25:37',1),(4,'REDACTED',400,'babypwn','http://chal.ctf-league.osusec.org/static/babypwn','nc chal.ctf-league.osusec.org 4747','Can you exploit this vulnerable 64 bit program?\n\nAn advanced version of this week\'s challenge, named `aaron-debugger` is available here: https://ctf.osusec.org','pwn','2021-10-23 01:13:46',1),(5,'REDACTED',500,'target_practice',NULL,NULL,'Can you help me find the full name of the person behind the alias \"anonhunter26\"?\nThis link might be helpful: <https://osintframework.com/>\nSubmit flag as osu{firstname_lastname}\n\nThe advanced challenge for this week, called `shellcoding11` is available here: <https://ctf.osusec.org>','misc','2021-10-30 01:19:23',1),(6,'REDACTED',400,'maldiant','http://chal.ctf-league.osusec.org/maldiant.tar.gz','None','Someone at our company got their flag png image encrypted by \'opening a pdf\' of our quarterly report!?! Can you help us recover our flag? (btw you\'ll want to use `pyinstxtractor` (<https://github.com/extremecoders-re/pyinstxtractor>) and `python-uncompyle6` (<https://github.com/rocky/python-uncompyle6>))','malware','2021-11-13 02:13:16',1),(7,'REDACTED',400,'deprecated_echo','http://chal.ctf-league.osusec.org/nft.jpg','nc chal.ctf-league.osusec.org 6969','Top level software determined that this image is suspicious. We cannot find out why, so we ask you to find out what information it holds. We think it is the source code for an antiquated echo service which we have discovered here:\n<http://chal.ctf-league.osusec.org/nft.jpg>\nThe program that detected that this image is suspicious also spit out the information:\n> Bits=3\nFlag is in flag.txt\nTOOLS:\nSome sort of LSB Stego tool, recommended: <https://github.com/Aqcurate/lsb-steganography>','misc','2021-11-20 02:12:02',1),(8,'REDACTED',400,'chatwurst','http://chal.ctf-league.osusec.org/chatwurst.apk',NULL,'We have received intel that a group of 1337 haxxors are using a little known app called \'chatwurst\'. One of the hackers goes by the name \'FizzbuzzMcFlurry\', and we\'re sure that these hackers are up to no good. Can you get into their chat and figure out what\'s going on?','rev','2022-01-08 02:12:29',1);
INSERT INTO `members` VALUES ('106748252375777280','Smaugy#7290',NULL,'grandfather',1,0),('112178521262075904','owowow#1153',NULL,'grandfather',1,0),('112763358691786752','M1ll_0n#4708',NULL,'grandfather',1,0),('121862184169897985','Macrozamia#1705',NULL,'grandfather',1,0),('126504283796406273','Nikomix#4775','trankev@oregonstate.edu','2977752d7a9191e34a6c21339bb16fc9',1,1),('129007153662001153','Mario#4619',NULL,'grandfather',1,0),('129089061112512513','_Oc#3047',NULL,'grandfather',1,0),('133250996146143232','2chainzbear#0866','wilcockj@oregonstate.edu','19dbdda936855abad10bb160ecf5384c',1,1),('133808040167079936','RawRamboHD#8420','rambod@oregonstate.edu','5ab5fcc02ad1a9d56f947daeab8a74c0',1,1),('144973524400865280','ricky#3650','nguyrick@oregonstate.edu','e028b88fb2d6e89747f8035483ab904a',1,1),('144979758453751808','[oe]#4659','chankevi@oregonstate.edu','495fae6ad7a3f1072d9b7396b6d98ef5',1,1),('145712930850209792','SquidHater1#4917','smithry9@oregonstate.edu','0692868150019b9bb810e3e111e1c575',1,1),('147298116612128768','AdamTogether#7829',NULL,'grandfather',1,0),('150500539421949952','bindeboy#6568','bindemap@oregonstate.edu','6cd0409230a5fd0c758ed28c06839c4e',1,1),('150808799639371777','GabrielPNDR#1094','pendergg@oregonstate.edu','4f2043987b293890dc8e103540ba70d1',1,1),('151150328845172737','Fresh#6431',NULL,'grandfather',1,0),('151600544224509953','Austin#5444',NULL,'grandfather',1,0),('154081997315244033','Mantlar#8877','rolphi@oregonstate.edu','fd559fc23afe01fed330c8c6628c10b3',1,1),('156372767166562305','Aqcurate#7348',NULL,'grandfather',1,1),('158002737034952705','Jaocb#4129','nguyecao@oregonstate.edu','b4dfcdfee3668f573c849eea13646ebf',1,1),('158057812054769665','Mrepp#5330','reppma@oregonstate.edu','9a7d306c8dc2f465280e767752ad3f05',1,1),('161364978228527105','stormseeker#6400','kirkprya@oregonstate.edu','da90a64b6fdf599421ffa79fc1efb13e',1,1),('162376698736803841','D-White#7648',NULL,'grandfather',1,0),('163071296412844032','Azeban#1034',NULL,'grandfather',1,0),('164890197237039104','Robert#0004','longrob@oregonstate.edu','29e0799d95466e6ff2d4f2c21c07ce71',1,1),('165957341022257153','Godofkel#4850','luukel@oregonstate.edu','444965c836e4a3cdc6a18869342cc8f8',1,1),('168423319358406656','Athos#1579',NULL,'grandfather',1,1),('171801463444602880','Ok#1234',NULL,'grandfather',1,0),('176470960281616384','Carbonak#9174','blakemam@oregonstate.edu','1676f328be735054998fa5d584eb4098',1,1),('176990099656015872','GhostPeper#5729','nguypham@oregonstate.edu','acb0751af01e48b458efcd81dbec6648',1,1),('178258750916919298','HenryH#5445','helstadh@oregonstate.edu','f9840f61a628be68fd1ef96ceef4e976',1,1),('179396005068931072','Orvyx#4467',NULL,'grandfather',1,0),('180825396969734144','Crahb#0001','trowbrka@oregonstate.edu','855e889400995f5b580f198515781320',1,1),('180841686757408777','babayet2#5039',NULL,'grandfather',1,1),('183671958632792064','arinerron#5687',NULL,'grandfather',1,1),('185255160132534273','captainGeech#8300',NULL,'grandfather',1,1),('186011135126929408','Flazzing#3572','limche@oregonstate.edu','7be7bec18889aa9e35ec2a31356efcb3',1,1),('189583995095220235','ninjaco1#6074',NULL,'grandfather',1,0),('195655718739771392','Koala#9838',NULL,'grandfather',1,1),('197129253077254144','Aelisk#1195','yehm@oregonstate.edu','67bc7c2e86f5f35f93eef3a037808c83',1,1),('197139543135092736','Battletowers#5522','balll@oregonstate.edu','60742095f55571fdd4167ec6f21fa6c1',1,1),('197460469336899585','WholeWheatBagels#3140',NULL,'grandfather',1,0),('199396039357104128','Toxic_Z#6440',NULL,'grandfather',1,0),('209401511355088906','SquidWithHair#2304','zeiena@oregonstate.edu','bb078d9782ae08504a5e4b9ba909556f',1,1),('209926441717071875','Chowder#4654','minerdy@oregonstate.edu','f446204cf28d8f1097a5679c926d28f8',1,1),('212732618515546113','Exiled#8591',NULL,'grandfather',1,1),('214483052175294465','Adam Cann#4970','canna@oregonstate.edu','c4c8e5118db9c0f2cfafea4571ad87dc',0,1),('214614762292641792','REK#1037',NULL,'grandfather',1,1),('219344249076973568','Cthaeh#5847','coppintr@oregonstate.edu','fed8561cacbaafacc79ed09f332a7632',1,1),('220232119346003983','Willferal#9163',NULL,'grandfather',1,0),('220611608865538049','Pernixia#3441','wilsocod@oregonstate.edu','691f467ac1a82fc0d7f5a6b7c7e416b6',1,1),('220667378311102465','Arimaster#1908','ghorbana@oregonstate.edu','2dc83cd4a053da2b26b910ca0ba1cbc8',1,1),('221035338565419008','Delta#9379','depeelc@oregonstate.edu','0da4230f26f28e946d774c1a57bbcd35',1,1),('224651547005550594','Nitsu#4531','fernbauj@oregonstate.edu','b1b5cc42086dd5869971c384022ab9bc',1,1),('226144343130374144','Mike <3#3725',NULL,'grandfather',1,0),('226850165028290560','actually reb#6790','klumpm@oregonstate.edu','b860fe79e98ff8acbb158d469a526e7f',1,1),('229805914113310722','UncleJackHughes#2390','blankeno@oregonstate.edu','8ed7484d8a1ea1658883423e8fca491b',1,1),('236349221626707979','Aiden Olsen#3180','olsenai@oregonstate.edu','59ff2d1f1066fe3809d929627db35388',1,1),('237149751039098882','Rabbitt#0730','sayc@oregonstate.edu','07fb1348790ef3aaa4e631418cc6fe0e',1,1),('239407744451346433','walt#5208','bringenw@oregonstate.edu','8dbc54ccc2b4ec32d84bfa6608d6726e',1,1),('241169642851139585','Wisley_Doma#7215',NULL,'grandfather',1,0),('242377880737153037','koopasaur#5080',NULL,'grandfather',1,0),('245730889852649482','lyellread#0421',NULL,'grandfather',1,1),('250867697674354689','thelastmarfist#0660','marxal@oregonstate.edu','e9fc424728c872c08ac150884835674a',1,1),('254412906517626881','Hyronicblob#4743','fincht@oregonstate.edu','03b6c5670b22d5f9e98d59f8d6815aaf',1,1),('255813242725728256','garbile#9200','kulpga@oregonstate.edu','ffe004cadd7390c7cb03e98ad00c118a',1,1),('259372520057208838','Kingston#8088','vuh@oregonstate.edu','6bd98cd4d38e81207622792e9e144b13',1,1),('260632841375842304','AnderTheEnderWolf#9652','hershbja@oregonstate.edu','981319eb359836ef711ea430592e75e4',1,1),('263229440266338304','tob#8008','callowak@oregonstate.edu','ab79e680bb648f5da51782477d421997',1,1),('264110766079082498','BaboonWithTheGoonU0001f921#9812',NULL,'grandfather',1,0),('265285300664795146','NoahTheTank#9528','oliverno@oregonstate.edu','da8bc28466458691d87f24652daeacea',1,1),('266737065809543168','Milkey_Mouse#6320','averyro@oregonstate.edu','6b5f800cc096687ba895e51cdd6465fc',1,1),('267747104607305738','kaipan#5468',NULL,'grandfather',1,0),('268613472432947201','nour_rahal22#7637',NULL,'grandfather',1,0),('272908268072861697','Hao.Truong#1002','truongh@oregonstate.edu','92e220eebf0bfae65567099c910898e2',1,1),('274014007915184128','dioxu#8700',NULL,'grandfather',1,0),('275710981622202369','aaronnn#9620',NULL,'grandfather',1,1),('277909608800976906','SocKai#0026','kassf@oregonstate.edu','99a6dc19c28fca367cf1c45526e24f6a',1,1),('277983758756347906','m0x#1337',NULL,'grandfather',1,1),('280120918699671554','Kobe#0250','Kraftkob@oregonstate.edu','b2d6e7ac49ed935ef1164cceaf0ae934',1,1),('282749267179995137','Hot Dog#2710','yorke@oregonstate.edu','650206ed6bfd74d7cf6de1020f8e1484',1,1),('284538682558382080','SithLordBinks#2018',NULL,'grandfather',1,0),('289211376851877888','GoldenFire#1166',NULL,'grandfather',1,0),('311667171636019200','Chewt#3969',NULL,'grandfather',1,0),('321767117676478464','BillCShakespeare#2021','macaw@oregonstate.edu','492f3af1bd8bda4a609115fa2d9da9de',1,1),('326573154350661632','strbry#5279','simkop@oregonstate.edu','276d0a751fc40d629b1710611ccfd727',1,1),('329766704655761409','machj-sudo#4035',NULL,'grandfather',1,0),('334555421723459586','Sock5953#3768','kowalskk@oregonstate.edu','de1c41e67b3ef6ae717205d84efc7701',1,1),('337460820256489473','Jonah#6353','diehlj@oregonstate.edu','97db087061641c869356b10c8ee6fb5a',1,1),('338800791378853888','Soonu2122#9920','lambebry@oregonstate.edu','7fff22543f9d6a08ff37eeaa347667d3',1,1),('339643300040540170','Elijah Cirioli#5016','ciriolie@oregonstate.edu','c4343825953e7790d5012ff762e887c0',1,1),('341860164728520715','Aaron F#2382','frostaa@oregonstate.edu','7b24c35f14cc3924a53c5ea78e584fa2',1,1),('344268520596439050','Frankreed#5948',NULL,'grandfather',1,0),('349622222345732096','Top Text#8229','millsmat@oregonstate.edu','46f40707821e88c91d71c9b4da8de1fc',1,1),('352258473343451150','PeachIcedTea#0472','rodartes@oregonstate.edu','43cd71b6b211a29ce01d154176968145',1,1),('356684767585894410','kevint#9452',NULL,'grandfather',1,0),('363473374619631617','DeadCatLady#3341',NULL,'grandfather',1,0),('364989690761445386','YaBoiEric#5287',NULL,'grandfather',1,0),('365215960254119937','jenbee#2048','bowerjen@oregonstate.edu','dbd59bc4095b4e0ed43e336afd27316b',1,1),('365679741312958467','alienfoetus#2620',NULL,'grandfather',1,1),('370947097702432768','jman11114#3414','mccrayja@oregonstate.edu','b76ca7a3783e94cf701e71deaccf62dd',1,1),('371178905643778050','MrSunny#5273','yoojisu@oregonstate.edu','fad052109ac2e2917addc88479f522b8',1,1),('379401945137414146','merioooo#8906','schmutzm@oregonstate.edu','aa4607bfc81f439fac59dc781cb1499a',1,1),('386044833892139009','ProSpectator#0111','kakodkag@oregonstate.edu','fb28b37d268b6b1b6b6733245ee06679',1,1),('386729702653427714','Teethy_Weethy#7601','largenet@oregonstate.edu','b3f722d6d24d892a9d306696871d3213',1,1),('387839736137646083','Brielle#2928','choquerb@oregonstate.edu','0060d954ddeba446b6834183f28ee5fa',1,1),('388482141714907136','DogeDoctor#7115',NULL,'grandfather',1,0),('393498084748820481','TrenchCoatGuy#5715','phamga@oregonstate.edu','ac66f4ad95b176f0b31529914ec4021f',1,1),('399643958558457866','VVill#0133','garrisow@oregonstate.edu','ce304f71afdb793c5b7118228fdd3563',1,1),('404574848342556672','Spenler-#4200','elliotsp@oregonstate.edu','8ea4052049470bcf8278ffdbeb708276',1,1),('410145633564098570','F4_U57#0522',NULL,'grandfather',1,1),('417466273807466496','yeongjin#7676',NULL,'grandfather',1,1),('421407092143030302','lukeeff#9951','fernaluk@oregonstate.edu','17ed1e0b71d6289f256b5c3d264a05bd',1,1),('421818151114637317','LimaJuliett#6839','lodwigl@oregonstate.edu','65f63f1b92ff9ad46e23c8b241b8127c',1,1),('437040929292025858','_g#9827',NULL,'grandfather',1,0),('438813690851229698','ozarowib#1668',NULL,'grandfather',1,0),('439120363222466560','g00by#3788','jansemat@oregonstate.edu','6d78f08ef29d0d012ed9e525dbc92b52',1,0),('442054247253540884','max1#9605','wildma@oregonstate.edu','523677776bc6eb6e079c97366fa5b864',1,1),('444999736689164288','InquisitivePenguin#1352','lewijack@oregonstate.edu','8346aa180c9e5662704e0910636c3cc5',1,1),('448351526558367754','speedboat#8586','cervanj2@oregonstate.edu','c2a100cf912c2bc608e9bf3bb82c3c80',1,1),('462838466972221469','crooloo#8522','maestasd@oregonstate.edu','0872641af2955d136d8b2e5b2270e399',0,1),('466299391838388225','QuakeLord#1935','sridhaan@oregonstate.edu','cedb81cdd0310bc1d5d6e6d8b5a92cbd',0,1),('468878484723335168','lsaltz#9838','saltzl@oregonstate.edu','b6b7726bf5570027d9545af8a28d2055',1,1),('471321124454793217','sel#2116','tuwi@oregonstate.edu','5c7f84da83cd7d6fc4e7ef623457365c',1,1),('474033385279586332','perchik#7272',NULL,'grandfather',1,0),('479537125872762880','MimsyWinters#6691',NULL,'grandfather',1,0),('480273141235449858','voky#7203','truongvo@oregonstate.edu','8211b3e62bdc73b43e50afc7c323f820',1,1),('484884156254257155','Tkalar09#1837','kalart@oregonstate.edu','d9c4a66d3492cdbe209bce876eb93d3b',1,1),('494416060611690506','jo.oh#9664','oharrowj@oregonstate.edu','b51da9576f21e608f36c8640df29b9dd',1,1),('508804335359229959','jahenner#4944','hennerj@oregonstate.edu','7ec54e5403cd6b406aae1080fc2dd116',1,1),('527280119358816287','PugOfStardoc#5398',NULL,'grandfather',1,1),('533352908654116864','bruhmoment#6447','valluris@oregonstate.edu','31e570568bf19e22ba9e7e6487ad3914',1,1),('555100488647835659','nigel higgs#6161','higgsn@oregonstate.edu','8b0d13b8ea6f87217fa19e31b3a1cfc5',1,1),('578793111409393686','NichG#2198','gallegon@oregonstate.edu','53d9341ee1667f436159e69c675423ea',1,1),('580124287919325204','Percent#0041','fairhurt@oregonstate.edu','61c5beea37e81511a1a4ab4366a9de3d',1,1),('582391832730796062','RiceBoii#6132','riceri@oregonstate.edu','c40004e3314cefdc56d95b3fd50e37e4',1,1),('587117106928025614','AliGesus#0958','moralea3@oregonstate.edu','1944bb31d08b579dfbc6b4538e8c91d7',1,1),('588516699121254400','neongreen velvet#7367',NULL,'grandfather',1,0),('588619177229811713','mchen123#2146',NULL,'grandfather',1,0),('592025824362889220','unifyingcodes#8532',NULL,'grandfather',1,0),('594612332232048651','l.nte#6395','yourusername@oregonstate.edu','b47f30624826d03fe8bbc32b0f30eef7',0,1),('604427812895588363','BobbySinclusto#5143','benjamal@oregonstate.edu','7ca393306137ada22366510e0ac3c215',1,0),('605185036588679189','jordanelse#3454','pembertj@oregonstate.edu','ac0deb04f8b2f1ffbdcad0b79f60fa1b',1,1),('609942492925788160','ThunderChief#0555','beann@oregonstate.edu','d7208f452b9c378d83c3af6fbb58b2b7',1,1),('611742550818160669','ipkess#2069','kessleri@oregonstate.edu','7c9265371c7d65125d4c3face1633309',1,1),('615733896717533209','mjmeyer2001\'#3930','meyermat@oregonstate.edu','91905c31343e9b8750faf7c9e9f4906e',1,1),('617128869174181909','struct#6191','rosselk@oregonstate.edu','e68b820fc3f83593ffa363567146bdbf',1,1),('621869464123867137','pdx.hope#4542','mattheho@oregonstate.edu','482e3ae02674d2e18f5b7d48a7d3994f',1,1),('626498236093300747','Jeremy Xu#0904','xuje@oregonstate.edu','4e0f27ce32d77f9f4ad0c81baa541586',1,1),('629513688801345557','Stagnert#6823',NULL,'grandfather',1,0),('633044383222202370','nat#1403','bourassn@oregonstate.edu','da9debe32e015f79430c534f55370d0e',1,1),('634185634126233601','Elyon#2057',NULL,'grandfather',1,1),('634388462237384745','mokh#0198','hastim@oregonstate.edu','a6613a9c65b8ccb50d5f5f9e0d180558',1,1),('641817446046760960','Pucho#1140','agap@oregonstate.edu','2868b229fbba361fe790bfd23836638c',1,1),('642561539190161500','shaabann#0464',NULL,'grandfather',1,0),('651572761948454942','thebigE#5753','olivecon@oregonstate.edu','ec019e17f6d9b9d67a354c72eec93b65',1,1),('653875881936420865','jczontos#5955','zontosj@oregonstate.edu','6ed4edbcb5ac1e6fbb2512615a4edaef',1,1),('659686240307642377','Hash7ag#0133','hsugu@oregonstate.edu','4870400df63502ed9fefac27faea7bc2',1,1),('682669254122012811','DivQ#8579',NULL,'grandfather',1,0),('684123511337386018','Simonster#0084','millsaps@oregonstate.edu','2e5dfc2be8e6fabb009ff744052949d9',1,1),('688020435677478945','heartwood#5439','heartwob@oregonstate.edu','2676d5a66a3b5023405716a92b3a594a',1,1),('689287694383448124','donelk#4383','dunnlu@oregonstate.edu','a9e80c0e0b6a520b738049903ef682e4',0,1),('691497279198199809','Avatar_Propaang#8664','martale6@oregonstate.edu','24736ab11f3a5342ab8d6f7cfdf94f4d',0,1),('692472336884170764','Tanner F#7404','fromcket@oregonstate.edu','0deaabb47bee7722b809369b46a88388',1,1),('693247480686575656','CharlieChen#8586',NULL,'grandfather',1,1),('694589283574743093','Baykeun#0027','babalj@oregonstate.edu','7723a1f4644b98cc51dc78c28813aa36',1,1),('696104251046494328','jagadeep#9517','avulaj@oregonstate.edu','5c02a29528509fe9ef99adf27c1977f3',1,1),('699482733012975676','Ancient One#0722','legruet@oregonstate.edu','385e72a0a8f1fa09cb9c35b4e536d03b',1,1),('700789205747499090','awalker#8549',NULL,'grandfather',1,1),('701264129268121701','hakkilab#7239','hakkilab@oregonstate.edu','01f3ff32d7e6e57aa9c6cecccfffcae7',1,1),('704387324074786816','vazza#0788','aquinov@oregonstate.edu','54068a6a1eda16670cdf4c68dfb0a8bc',1,1),('706623989983870996','alexi#0483',NULL,'grandfather',1,0),('707119002870218812','ep#0115','johnsal@oregonstate.edu','08bca96e2ca11954367c6ecde298c79d',1,1),('708773011225837568','bizzy_bits#8345',NULL,'grandfather',1,0),('718277087932317717','jonathankeller#7312',NULL,'grandfather',1,0),('730603342371487825','shkody_kot#1009','belyaevi@oregonstate.edu','c7b69ddfbceae68ab1af234785b34d8c',1,1),('736215344133177425','Jacob Ogle#5645','ogleja@oregonstate.edu','3ea08b85b81f0404b46192e51cb229cd',1,1),('736745580218417192','cheeseball59#3468','huabl@oregonstate.edu','42060b50ca77e98c67d6c25a676033e4',1,1),('737723311026602086','wohlmann#9848','menendek@oregonstate.edu','d401ec4b7181122b3cce23a3a911efcb',1,1),('755991623996932177','MasonRosenau#9541','rosenaum@oregonstate.edu','e311c415b3c85b0e6dd9e2739b0e4393',1,1),('756708749514899517','consiq#0751','robertsq@oregonstate.edu','27397196d62d84d3033606d86fd472b8',1,1),('758372866768109738','bigmama#5594',NULL,'grandfather',1,0),('760602593516060683','nguyeti4#6586','nguyeti4@oregonstate.edu','cc00072efc5dd1165d74b8b05e776802',1,1),('764710918562119722','pep#8125',NULL,'grandfather',1,0),('766479121601265674','chung-yu#4982','yangchun@oregonstate.edu','44815264f6449a97e5dd3e08384ee68b',1,1),('786816176247668736','qin.batista#6115','qinyu@oregonstate.edu','7cfd319475d00c521d47f6ee5e342efe',1,1),('787009085286383646','Vijay G#4876','gunasekv@oregonstate.edu','aa9f59e1585513046e951d98b4afbbad',1,1),('787137625277464596','otso#6968','barrono@oregonstate.edu','017e4996c3a7e6efd9836ff65e917bd9',1,1),('792085168294592543','JTHoi#0263','tanho@oregonstate.edu','7bb7a56157b7a408cd18025bd6f0c32e',1,1),('797234665307635782','hungnm#9245','nguyhun2@oregonstate.edu','82b7031f6399051990a88a2ff1c29742',1,1),('799008143652028426','Diego Charrez#3201','charrezd@oregonstate.edu','92ce59993233bddbc51cf3509d884d18',1,1),('802232578551185409','kenobi#3907','handelae@oregonstate.edu','65cd8865caa9d0c8dc66519dcb2a35e7',1,1),('875777890174791702','RJYoung#2781','younrobe@oregonstate.edu','55703f4e26f0426f824bedf710f4ad65',1,1),('879434732704759819','Baku#2541','vasub@oregonstate.edu','176822263de66549796d77363b262233',1,1),('883967927047581728','trishU0001f633#4510','gopinatt@oregonstate.edu','23694f2905b42025a85f8b1730cc14ff',1,1),('884306129985863702','u512au3057u3044u306eu30a4u30b1u30e1u30f3#1763','chouye@oregonstate.edu','7f60d8ea7ca78c2d78e8f3fe69a42769',1,1),('889034692584669224','Bob McFoggarty#7687','benjamal@oregonstate.edu','6ca0a2df593f8f6dba4617e8c5c0ae4a',1,1),('889716407112175637','c.a.ray#5654','rayc2@oregonstate.edu','e3fbacfb7336e0625fa749a6a89f081a',1,1),('889995512772714506','Lauren U#0884','ulwellil@oregonstate.edu','13465e77884d99d4c73762d50abc51d2',0,1),('892839006063190016','JacWright#9152','wrighjac@oregonstate.edu','91235734220d680e62eca11e1b5c8edf',1,1),('892881131987402803','Its_a_Will#9988','seabramg@oregonstate.edu','130889bf96fc764dbe2f1ba58c3076a0',1,1),('893197945271357471','graplimb7#5517','klotzl@oregonstate.edu','45b00eaa6c983aa797a6b136406b6a60',1,1),('896219415564140564','nguyeti4#9467','nguyeti4@oregonstate.edu','b7be187ad21498885367d698cbca459d',1,1);
INSERT INTO `solo_solves` VALUES (1,588516699121254400,1,'2021-10-02 08:27:03'),(3,370947097702432768,1,'2021-10-08 01:38:53'),(4,889034692584669224,1,'2021-10-08 06:48:08'),(5,260632841375842304,1,'2021-10-09 01:06:40'),(6,684123511337386018,3,'2021-10-22 21:18:20'),(7,329766704655761409,5,'2021-10-31 17:05:26'),(8,267747104607305738,6,'2021-11-13 03:20:39');
INSERT INTO `solves` VALUES (1,1,1,'2021-10-02 01:58:26',1),(2,6,1,'2021-10-02 01:59:00',1),(3,5,1,'2021-10-02 01:59:30',1),(4,9,1,'2021-10-02 02:00:17',1),(5,4,1,'2021-10-02 02:02:04',1),(6,3,1,'2021-10-02 02:01:58',1),(7,2,1,'2021-10-02 02:03:37',1),(8,7,1,'2021-10-02 02:05:22',1),(9,8,1,'2021-10-02 02:05:54',1),(10,10,1,'2021-10-02 02:23:12',1),(11,11,1,'2021-10-02 02:33:04',1),(12,13,2,'2021-10-09 02:05:00',1),(13,17,2,'2021-10-09 02:23:00',1),(14,14,2,'2021-10-09 02:20:00',1),(15,15,2,'2021-10-09 02:25:00',1),(16,12,2,'2021-10-09 02:32:16',1),(17,16,2,'2021-10-09 02:48:47',1),(18,18,2,'2021-10-09 02:22:00',1),(19,21,3,'2021-10-16 01:39:27',0),(20,20,3,'2021-10-16 02:47:34',1),(21,19,3,'2021-10-16 03:04:35',1),(22,22,3,'2021-10-16 03:03:11',1),(23,23,3,'2021-10-16 03:24:13',1),(24,25,4,'2021-10-23 01:42:13',1),(25,27,4,'2021-10-23 02:29:53',1),(26,26,4,'2021-10-23 01:54:30',1),(27,24,4,'2021-10-23 02:16:36',1),(28,28,5,'2021-10-30 01:33:29',1),(29,30,5,'2021-10-30 01:48:59',1),(30,31,5,'2021-10-30 02:03:14',1),(31,33,5,'2021-10-30 02:05:20',1),(32,29,5,'2021-10-30 02:07:54',1),(33,32,5,'2021-10-30 02:39:59',0),(34,38,6,'2021-11-13 02:32:04',1),(35,35,6,'2021-11-13 02:35:05',1),(36,37,6,'2021-11-13 02:53:05',1),(37,34,6,'2021-11-13 03:11:07',1),(38,36,6,'2021-11-13 03:19:21',0),(39,39,7,'2021-11-20 02:35:19',1),(40,40,7,'2021-11-20 02:36:19',1),(41,41,7,'2021-11-20 03:01:34',1),(42,43,8,'2022-01-08 02:41:01',1),(43,42,8,'2022-01-08 02:47:56',1),(44,46,8,'2022-01-08 02:49:15',1),(45,44,8,'2022-01-08 02:50:14',1),(46,45,8,'2022-01-08 02:51:34',1);
INSERT INTO `teams` VALUES (1,1,659686240307642377,364989690761445386,158002737034952705,707119002870218812,221035338565419008,212732618515546113,694589283574743093,393498084748820481,NULL,NULL,893676353747046400,NULL,NULL,NULL,NULL,NULL,NULL,NULL,NULL,NULL,NULL,NULL,NULL,NULL),(2,1,386044833892139009,578793111409393686,126504283796406273,334555421723459586,165957341022257153,338800791378853888,220667378311102465,799008143652028426,NULL,NULL,893676361573617735,NULL,NULL,NULL,NULL,NULL,NULL,NULL,NULL,NULL,NULL,NULL,NULL,NULL),(3,1,106748252375777280,162376698736803841,755991623996932177,341860164728520715,326573154350661632,371178905643778050,386729702653427714,259372520057208838,NULL,NULL,893676368984948746,NULL,NULL,NULL,NULL,NULL,NULL,NULL,NULL,NULL,NULL,NULL,NULL,NULL),(4,1,129007153662001153,494416060611690506,365679741312958467,158057812054769665,580124287919325204,651572761948454942,197460469336899585,339643300040540170,NULL,NULL,893676409963294722,NULL,NULL,NULL,NULL,NULL,NULL,NULL,NULL,NULL,NULL,NULL,NULL,NULL),(5,1,471321124454793217,129089061112512513,379401945137414146,133250996146143232,250867697674354689,730603342371487825,879434732704759819,197139543135092736,NULL,NULL,893676451809869894,NULL,NULL,NULL,NULL,NULL,NULL,NULL,NULL,NULL,NULL,NULL,NULL,NULL),(6,1,145712930850209792,484884156254257155,684123511337386018,267747104607305738,629513688801345557,133808040167079936,875777890174791702,442054247253540884,NULL,NULL,893676493371211846,NULL,NULL,NULL,NULL,NULL,NULL,NULL,NULL,NULL,NULL,NULL,NULL,NULL),(7,1,633044383222202370,239407744451346433,171801463444602880,266737065809543168,399643958558457866,444999736689164288,150500539421949952,387839736137646083,NULL,NULL,893676501004877824,NULL,NULL,NULL,NULL,NULL,NULL,NULL,NULL,NULL,NULL,NULL,NULL,NULL),(8,1,289211376851877888,219344249076973568,787137625277464596,224651547005550594,161364978228527105,263229440266338304,226850165028290560,NULL,NULL,NULL,893676539793776640,NULL,NULL,NULL,NULL,NULL,NULL,NULL,NULL,NULL,NULL,NULL,NULL,NULL),(9,1,582391832730796062,329766704655761409,189583995095220235,893197945271357471,626498236093300747,176470960281616384,792085168294592543,NULL,NULL,NULL,893676580663070740,NULL,NULL,NULL,NULL,NULL,NULL,NULL,NULL,NULL,NULL,NULL,NULL,NULL),(10,1,365215960254119937,438813690851229698,699482733012975676,421407092143030302,NULL,NULL,NULL,NULL,NULL,NULL,893676621016481792,NULL,NULL,NULL,NULL,NULL,NULL,NULL,NULL,NULL,NULL,NULL,NULL,NULL),(11,1,197129253077254144,533352908654116864,736745580218417192,756708749514899517,255813242725728256,254412906517626881,892881131987402803,696104251046494328,337460820256489473,615733896717533209,893684307867107398,NULL,NULL,634388462237384745,760602593516060683,621869464123867137,237149751039098882,737723311026602086,NULL,NULL,NULL,NULL,NULL,NULL),(12,2,197139543135092736,255813242725728256,145712930850209792,334555421723459586,349622222345732096,699482733012975676,171801463444602880,442054247253540884,341860164728520715,NULL,896210573979705365,NULL,NULL,NULL,NULL,NULL,NULL,NULL,NULL,NULL,NULL,NULL,NULL,NULL),(13,2,129089061112512513,684123511337386018,165957341022257153,621869464123867137,161364978228527105,364989690761445386,250867697674354689,154081997315244033,176990099656015872,NULL,896210581974044722,NULL,NULL,NULL,NULL,NULL,NULL,NULL,NULL,NULL,NULL,NULL,NULL,NULL),(14,2,266737065809543168,393498084748820481,484884156254257155,760602593516060683,578793111409393686,892881131987402803,626498236093300747,387839736137646083,379401945137414146,NULL,896210623917068318,NULL,NULL,NULL,NULL,NULL,NULL,NULL,NULL,NULL,NULL,NULL,NULL,NULL),(15,2,176470960281616384,633044383222202370,189583995095220235,263229440266338304,289211376851877888,704387324074786816,133250996146143232,133808040167079936,129007153662001153,582391832730796062,896210665772056636,NULL,NULL,NULL,NULL,NULL,NULL,NULL,NULL,NULL,NULL,NULL,NULL,NULL),(16,2,875777890174791702,237149751039098882,197129253077254144,150808799639371777,730603342371487825,221035338565419008,792085168294592543,329766704655761409,718277087932317717,NULL,896210709577334836,NULL,NULL,NULL,NULL,NULL,NULL,NULL,NULL,NULL,NULL,NULL,NULL,NULL),(17,2,797234665307635782,259372520057208838,756708749514899517,267747104607305738,787137625277464596,370947097702432768,150500539421949952,106748252375777280,NULL,NULL,896210749851054100,NULL,NULL,NULL,NULL,NULL,NULL,NULL,NULL,NULL,NULL,NULL,NULL,NULL),(18,2,629513688801345557,399643958558457866,421407092143030302,326573154350661632,162376698736803841,707119002870218812,260632841375842304,365215960254119937,NULL,NULL,896212919388348467,NULL,NULL,NULL,NULL,NULL,NULL,NULL,NULL,NULL,NULL,NULL,NULL,NULL),(19,3,494416060611690506,364989690761445386,737723311026602086,626498236093300747,787137625277464596,582391832730796062,133808040167079936,250867697674354689,329766704655761409,221035338565419008,898743238687600671,NULL,NULL,197139543135092736,129089061112512513,NULL,NULL,NULL,NULL,NULL,NULL,NULL,NULL,NULL),(20,3,150500539421949952,621869464123867137,237149751039098882,176470960281616384,337460820256489473,220667378311102465,629513688801345557,379401945137414146,255813242725728256,339643300040540170,898743285957394443,NULL,NULL,365679741312958467,792085168294592543,NULL,NULL,NULL,NULL,NULL,NULL,NULL,NULL,NULL),(21,3,386729702653427714,439120363222466560,133250996146143232,370947097702432768,289211376851877888,266737065809543168,254412906517626881,260632841375842304,161364978228527105,387839736137646083,898743329238429726,NULL,NULL,704387324074786816,NULL,NULL,NULL,NULL,NULL,NULL,NULL,NULL,NULL,NULL),(22,3,875777890174791702,349622222345732096,154081997315244033,189583995095220235,341860164728520715,334555421723459586,259372520057208838,267747104607305738,171801463444602880,393498084748820481,898743372221644820,NULL,NULL,760602593516060683,NULL,NULL,NULL,NULL,NULL,NULL,NULL,NULL,NULL,NULL),(23,3,197129253077254144,129007153662001153,126504283796406273,356684767585894410,326573154350661632,220232119346003983,730603342371487825,365215960254119937,NULL,NULL,898743415972462592,NULL,NULL,NULL,NULL,NULL,NULL,NULL,NULL,NULL,NULL,NULL,NULL,NULL),(24,4,879434732704759819,176470960281616384,171801463444602880,197129253077254144,896219415564140564,154081997315244033,379401945137414146,349622222345732096,875777890174791702,267747104607305738,901277051032571904,NULL,NULL,787137625277464596,NULL,NULL,NULL,NULL,NULL,NULL,NULL,NULL,NULL,NULL),(25,4,484884156254257155,250867697674354689,582391832730796062,704387324074786816,730603342371487825,326573154350661632,289211376851877888,195655718739771392,634388462237384745,329766704655761409,901277096620462151,NULL,NULL,NULL,NULL,NULL,NULL,NULL,NULL,NULL,NULL,NULL,NULL,NULL),(26,4,259372520057208838,129089061112512513,393498084748820481,145712930850209792,893197945271357471,386729702653427714,189583995095220235,255813242725728256,684123511337386018,341860164728520715,901277139389808671,NULL,NULL,NULL,NULL,NULL,NULL,NULL,NULL,NULL,NULL,NULL,NULL,NULL),(27,4,129007153662001153,220232119346003983,126504283796406273,260632841375842304,197139543135092736,365679741312958467,439120363222466560,176990099656015872,220667378311102465,364989690761445386,901277181865496576,NULL,NULL,365215960254119937,NULL,NULL,NULL,NULL,NULL,NULL,NULL,NULL,NULL,NULL),(28,5,259372520057208838,704387324074786816,326573154350661632,787137625277464596,197460469336899585,NULL,NULL,NULL,NULL,NULL,903815220630290473,NULL,NULL,NULL,NULL,NULL,NULL,NULL,NULL,NULL,NULL,NULL,NULL,NULL),(29,5,730603342371487825,892881131987402803,349622222345732096,379401945137414146,341860164728520715,NULL,NULL,NULL,NULL,NULL,903815226284208208,NULL,NULL,NULL,NULL,NULL,NULL,NULL,NULL,NULL,NULL,NULL,NULL,NULL),(30,5,250867697674354689,133250996146143232,266737065809543168,365679741312958467,386729702653427714,NULL,NULL,NULL,NULL,NULL,903815232303038464,NULL,NULL,NULL,NULL,NULL,NULL,NULL,NULL,NULL,NULL,NULL,NULL,NULL),(31,5,875777890174791702,399643958558457866,267747104607305738,393498084748820481,176470960281616384,NULL,NULL,NULL,NULL,NULL,903815268575367208,NULL,NULL,NULL,NULL,NULL,NULL,NULL,NULL,NULL,NULL,NULL,NULL,NULL),(32,5,896219415564140564,171801463444602880,484884156254257155,189583995095220235,NULL,NULL,NULL,NULL,NULL,NULL,903815274749370388,NULL,NULL,NULL,NULL,NULL,NULL,NULL,NULL,NULL,NULL,NULL,NULL,NULL),(33,5,106748252375777280,787009085286383646,260632841375842304,365215960254119937,255813242725728256,129007153662001153,197139543135092736,792085168294592543,NULL,NULL,903815311671840808,NULL,NULL,NULL,NULL,NULL,NULL,NULL,NULL,NULL,NULL,NULL,NULL,NULL),(34,6,582391832730796062,178258750916919298,176470960281616384,792085168294592543,730603342371487825,133250996146143232,197139543135092736,NULL,NULL,NULL,908902173214146610,NULL,NULL,NULL,NULL,NULL,NULL,NULL,NULL,NULL,NULL,NULL,NULL,NULL),(35,6,266737065809543168,326573154350661632,892881131987402803,379401945137414146,484884156254257155,289211376851877888,220667378311102465,NULL,NULL,NULL,908902180323471382,NULL,NULL,NULL,NULL,NULL,NULL,NULL,NULL,NULL,NULL,NULL,NULL,NULL),(36,6,236349221626707979,364989690761445386,171801463444602880,393498084748820481,189583995095220235,468878484723335168,NULL,NULL,NULL,NULL,908902220848857118,NULL,NULL,NULL,NULL,NULL,NULL,NULL,NULL,NULL,NULL,NULL,NULL,NULL),(37,6,875777890174791702,259372520057208838,787137625277464596,250867697674354689,386044833892139009,349622222345732096,NULL,NULL,NULL,NULL,908902227681357824,NULL,NULL,NULL,NULL,NULL,NULL,NULL,NULL,NULL,NULL,NULL,NULL,NULL),(38,6,787009085286383646,275710981622202369,701264129268121701,255813242725728256,329766704655761409,129007153662001153,386729702653427714,260632841375842304,365215960254119937,126504283796406273,908902265878872084,NULL,NULL,NULL,NULL,NULL,NULL,NULL,NULL,NULL,NULL,NULL,NULL,NULL),(39,7,349622222345732096,364989690761445386,787137625277464596,393498084748820481,266737065809543168,730603342371487825,NULL,NULL,NULL,NULL,911438620433461318,NULL,NULL,NULL,NULL,NULL,NULL,NULL,NULL,NULL,NULL,NULL,NULL,NULL),(40,7,326573154350661632,875777890174791702,379401945137414146,289211376851877888,250867697674354689,129007153662001153,NULL,NULL,NULL,NULL,911438626401943583,NULL,NULL,NULL,NULL,NULL,NULL,NULL,NULL,NULL,NULL,NULL,NULL,NULL),(41,7,386729702653427714,255813242725728256,701264129268121701,582391832730796062,189583995095220235,171801463444602880,365679741312958467,684123511337386018,267747104607305738,260632841375842304,911438667296432158,NULL,NULL,365215960254119937,787009085286383646,106748252375777280,176470960281616384,329766704655761409,NULL,NULL,NULL,NULL,NULL,NULL),(42,8,379401945137414146,267747104607305738,171801463444602880,197139543135092736,NULL,NULL,NULL,NULL,NULL,NULL,929195777761345637,NULL,NULL,NULL,NULL,NULL,NULL,NULL,NULL,NULL,NULL,NULL,NULL,NULL),(43,8,787137625277464596,364989690761445386,329766704655761409,NULL,NULL,NULL,NULL,NULL,NULL,NULL,929195782932930560,NULL,NULL,NULL,NULL,NULL,NULL,NULL,NULL,NULL,NULL,NULL,NULL,NULL),(44,8,701264129268121701,250867697674354689,189583995095220235,NULL,NULL,NULL,NULL,NULL,NULL,NULL,929195788360372334,NULL,NULL,NULL,NULL,NULL,NULL,NULL,NULL,NULL,NULL,NULL,NULL,NULL),(45,8,176470960281616384,875777890174791702,237149751039098882,NULL,NULL,NULL,NULL,NULL,NULL,NULL,929195793368371251,NULL,NULL,NULL,NULL,NULL,NULL,NULL,NULL,NULL,NULL,NULL,NULL,NULL),(46,8,365215960254119937,255813242725728256,730603342371487825,NULL,NULL,NULL,NULL,NULL,NULL,NULL,929195825299611719,NULL,NULL,NULL,NULL,NULL,NULL,NULL,NULL,NULL,NULL,NULL,NULL,NULL);
INSERT INTO `users` VALUES (106748252375777280,'Smaugy'),(126504283796406273,'Nikomix'),(129007153662001153,'Mario'),(129089061112512513,'_Oc'),(133250996146143232,'2chainzbear'),(133808040167079936,'RamboHD'),(145712930850209792,'SquidHater1'),(150500539421949952,'bindeboy'),(150808799639371777,'GabrielPNDR'),(154081997315244033,'Mantlar'),(158002737034952705,'Jaocb'),(158057812054769665,'Mrepp'),(161364978228527105,'stormseeker'),(162376698736803841,'D-White'),(165957341022257153,'Godofkel'),(171801463444602880,'Ok'),(176470960281616384,'Carbonak'),(176990099656015872,'GhostPeper'),(178258750916919298,'HenryH'),(189583995095220235,'ninjaco1'),(195655718739771392,'Koala'),(197129253077254144,'Aelisk'),(197139543135092736,'Battletowers'),(197460469336899585,'WholeWheatBagels'),(212732618515546113,'Exiled'),(219344249076973568,'Cthaeh'),(220232119346003983,'Willferal'),(220667378311102465,'Arimaster'),(221035338565419008,'Delta'),(224651547005550594,'Nitsu'),(226850165028290560,'actually reb'),(236349221626707979,'Aiden Olsen'),(237149751039098882,'R4bbitt'),(239407744451346433,'walt'),(250867697674354689,'thelastmarfist'),(254412906517626881,'Hyronicblob'),(255813242725728256,'garbile'),(259372520057208838,'Kingston'),(260632841375842304,'AnderTheEnderWolf'),(263229440266338304,'tob'),(266737065809543168,'Milkey_Mouse'),(267747104607305738,'kaipan'),(275710981622202369,'aaronnn'),(289211376851877888,'GoldenFire'),(326573154350661632,'strbry'),(329766704655761409,'machj-sudo'),(334555421723459586,'Sock5953'),(337460820256489473,'Jonah'),(338800791378853888,'Engi'),(339643300040540170,'Elijah Cirioli'),(341860164728520715,'Aaron F'),(349622222345732096,'Top Text'),(356684767585894410,'kevint'),(364989690761445386,'YaBoiEric'),(365215960254119937,'jenbee'),(365679741312958467,'alienfoetus'),(370947097702432768,'jman11114'),(371178905643778050,'MrSunny'),(379401945137414146,'merioooo'),(386044833892139009,'ProSpectator'),(386729702653427714,'Teethy_Weethy'),(387839736137646083,'Brielle'),(393498084748820481,'TrenchCoatGuy'),(399643958558457866,'VVill'),(421407092143030302,'lukeeff'),(438813690851229698,'ozarowib'),(439120363222466560,'g00by'),(442054247253540884,'max1'),(444999736689164288,'InquisitivePenguin'),(468878484723335168,'lsaltz'),(471321124454793217,'sel'),(484884156254257155,'NoxStyx'),(494416060611690506,'jo.oh'),(533352908654116864,'bruhmoment'),(578793111409393686,'NichG'),(580124287919325204,'Percent'),(582391832730796062,'RiceBoii'),(588516699121254400,'neongreen velvet'),(615733896717533209,'mjmeyer2001\'\''),(621869464123867137,'pdx.hope'),(626498236093300747,'Jeremy Xu'),(629513688801345557,'Stagnert'),(633044383222202370,'nat'),(634388462237384745,'mokh'),(651572761948454942,'thebigE'),(659686240307642377,'Hash7ag'),(684123511337386018,'Simonster'),(694589283574743093,'Baykeun'),(696104251046494328,'jagadeep'),(699482733012975676,'Ancient One'),(701264129268121701,'hakkilab'),(704387324074786816,'vazza'),(707119002870218812,'ep'),(718277087932317717,'jonathankeller'),(730603342371487825,'shkody_kot'),(736745580218417192,'cheeseball59'),(737723311026602086,'wohlmann'),(755991623996932177,'MasonRosenau'),(756708749514899517,'consiq'),(760602593516060683,'nguyeti4'),(787009085286383646,'Vj'),(787137625277464596,'otso'),(792085168294592543,'JTHoi'),(797234665307635782,'hungnm'),(799008143652028426,'Diego Charrez'),(875777890174791702,'RJYoung'),(879434732704759819,'Baku'),(889034692584669224,'Bob McFoggarty'),(892881131987402803,'Its_a_Will'),(893197945271357471,'graplimb7'),(896219415564140564,'nguyeti4');
INSERT INTO `writeups` VALUES (1,799008143652028426,'https://gitlab.com/dcharrezt/osusec/-/blob/main/writeup_0.md',1,1,'2021-10-07 16:38:30'),(1,365679741312958467,'https://github.com/colleyc-osu/ctfleague-writeups/blob/main/hash_browns',1,2,'2021-10-07 16:38:30'),(1,893197945271357471,'https://github.com/leopoldk3/CFT-League/blob/main/HashBrown_Challenge.md',1,3,'2021-10-07 16:38:30'),(1,189583995095220235,'https://github.com/ninjaco1/ctf-challenges/tree/main/ctf2021_2022/f21w1',1,4,'2021-10-07 16:38:30'),(1,421407092143030302,'https://github.com/LukeEff/osusec/tree/main/hashbrowns',1,5,'2021-10-07 16:38:30'),(1,329766704655761409,'https://github.com/machj-sudo/OSU-CTF/blob/main/ctf-2021-2022/web-oct1-21.md',1,6,'2021-10-07 16:38:30'),(1,626498236093300747,'https://github.com/XuJeremy1928/OSUSEC/blob/main/2021-10-01%20CTFLeage%20-%20Hash%20Browns',1,7,'2021-10-07 16:38:30'),(1,875777890174791702,'https://gitlab.com/ryoungster/rjy-osusec-writeups/-/blob/main/hash_browns-RJYoung/hash_browns-RJYoung.md',1,8,'2021-10-07 16:38:30'),(1,267747104607305738,'https://github.com/Esk3tit/ctf-writeups/blob/main/hashbrowns-kaipan.md',1,9,'2021-10-07 16:38:30'),(2,237149751039098882,'link_to_writeup',0,10,'2021-10-15 06:45:05'),(1,237149751039098882,'https://github.com/Charlie-Say/CTF2021-2022/blob/3b9f90cc0abd1879384cae7f5c7ed8b5db57bbd4/CTF%20hash_browns.md',1,11,'2021-10-15 06:48:19'),(1,237149751039098882,'https://github.com/Charlie-Say/CTF2021-2022/blob/3b9f90cc0abd1879384cae7f5c7ed8b5db57bbd4/CTF%20hash_browns.md',0,12,'2021-10-15 06:47:18'),(2,875777890174791702,'https://gitlab.com/ryoungster/rjy-osusec-writeups/-/blob/main/ultrasecure-RJYOUNG/ultrasecure-RJYOUNG.md',1,13,'2021-10-15 06:49:52'),(2,189583995095220235,'https://github.com/ninjaco1/ctf-challenges/blob/main/ctf2021_2022/f21w2/README.md',1,14,'2021-10-15 06:51:20'),(2,329766704655761409,'https://github.com/machj-sudo/OSU-CTF/blob/main/ctf-2021-2022/ultrasecure.md',1,15,'2021-10-15 06:51:43'),(2,267747104607305738,'https://github.com/Esk3tit/ctf-writeups/blob/main/ultrasecure-kaipan.md',1,16,'2021-10-15 06:52:12'),(2,626498236093300747,'https://github.com/XuJeremy1928/OSUSEC/blob/main/2021-10-08%20CTFLeage%20-%20UltraSecure.txt',1,17,'2021-10-15 06:52:47'),(3,189583995095220235,'https://github.com/ninjaco1/ctf-challenges/blob/main/ctf2021_2022/f21w3/README.md',1,18,'2021-10-20 21:30:55'),(3,267747104607305738,'https://github.com/Esk3tit/ctf-writeups/blob/main/secure-encryptor-kaipan.md',1,19,'2021-10-20 21:31:28'),(3,439120363222466560,'https://jansemat.github.io/posts/ctf0/',1,20,'2021-10-20 21:32:04'),(3,875777890174791702,'https://gitlab.com/ryoungster/rjy-osusec-writeups/-/blob/main/secure-encryptor-RJYOUNG/secure-encryptor-RJYOUNG.md',1,21,'2021-10-20 21:33:29'),(3,365679741312958467,'https://github.com/colleyc-osu/ctfleague-writeups/blob/main/secure-encryptor',1,22,'2021-10-22 22:20:44'),(4,364989690761445386,'https://gitlab.com/YaBoiEric09/babypwn_yaboieric09/-/blob/main/babypwn_YaBoiEric09.md',1,23,'2021-10-26 04:35:51'),(4,341860164728520715,'https://docs.google.com/document/d/1EJPyaIn09R-cBSOIfBNHXpkXTGY9KmNSSrTeQAgH_zM/edit?usp=sharing',1,24,'2021-10-26 04:37:07'),(4,329766704655761409,'https://github.com/machj-sudo/OSU-CTF/blob/main/ctf-2021-2022/babypwn.md',0,25,'2021-10-26 04:44:07'),(4,329766704655761409,'https://github.com/machj-sudo/OSU-CTF/blob/main/ctf-2021-2022/babypwn.md',1,26,'2021-10-31 19:06:53'),(4,267747104607305738,'https://github.com/Esk3tit/ctf-writeups/blob/main/babypwn-kaipan.md',1,27,'2021-10-31 19:08:16'),(4,875777890174791702,'https://gitlab.com/ryoungster/rjy-osusec-writeups/-/blob/main/babypwn-RJYOUNG/babypwn-RJYOUNG.md',0,28,'2021-10-31 19:11:09'),(4,250867697674354689,'https://github.com/TheLastMarfist/CTF-Writeups/blob/main/babypwn.md',1,29,'2021-10-31 19:11:48'),(5,365679741312958467,'https://github.com/colleyc-osu/ctfleague-writeups/blob/main/target_practice',1,30,'2021-10-31 19:13:38'),(5,197139543135092736,'https://github.com/lucasballr/OSUSEC/tree/Main/target_practice',1,31,'2021-10-31 19:14:01'),(5,189583995095220235,'https://github.com/ninjaco1/ctf-challenges/blob/main/ctf2021_2022/f21w5/README.md',1,32,'2021-11-11 22:07:11'),(5,267747104607305738,'https://github.com/Esk3tit/ctf-writeups/blob/main/target_practice-kaipan.md',1,33,'2021-11-11 22:05:34'),(5,171801463444602880,'https://docs.google.com/document/d/1IN2tkEQiMwwq60FHiVps1CUQdVn3hDg-DqcFDM4FNI0/edit?usp=sharing',0,34,'2021-11-11 22:11:24'),(5,250867697674354689,'https://github.com/TheLastMarfist/CTF-Writeups/blob/main/target_practice.md',1,35,'2021-11-11 22:11:53'),(4,875777890174791702,'https://gitlab.com/ryoungster/rjy-osusec-writeups/-/blob/main/babypwn-RJYOUNG/babypwn-RJYOUNGv2.md',1,36,'2021-11-11 22:12:41'),(1,326573154350661632,'https://blogs.oregonstate.edu/paul/2021/11/10/writeup-hash-browns/',1,37,'2021-11-11 22:15:08'),(1,326573154350661632,'https://blogs.oregonstate.edu/paul/2021/11/10/writeup-hash-browns/',0,38,'2021-11-11 22:15:53'),(5,171801463444602880,'https://docs.google.com/document/d/1IN2tkEQiMwwq60FHiVps1CUQdVn3hDg-DqcFDM4FNI0/edit?usp=sharing',1,39,'2021-11-12 18:06:09'),(6,189583995095220235,'https://github.com/ninjaco1/ctf-challenges/blob/main/ctf2021_2022/f21w7/README.md',1,40,'2021-11-19 06:57:30'),(6,267747104607305738,'https://github.com/Esk3tit/ctf-writeups/blob/main/maldiant-kaipan.md',1,41,'2021-11-19 06:59:02'),(6,329766704655761409,'https://github.com/machj-sudo/OSU-CTF/blob/main/ctf-2021-2022/maldiant.md',1,42,'2021-11-19 06:59:57'),(2,326573154350661632,'https://blogs.oregonstate.edu/paul/2021/11/17/writeup-ultrasecure/',1,43,'2021-11-19 07:01:17'),(5,326573154350661632,'https://blogs.oregonstate.edu/paul/2021/11/17/writeup-target-practice/',1,44,'2021-11-19 07:02:17'),(6,250867697674354689,'https://github.com/TheLastMarfist/CTF-Writeups/blob/main/maldiant.md',1,45,'2021-11-19 07:02:41'),(7,329766704655761409,'https://github.com/machj-sudo/OSU-CTF/blob/main/ctf-2021-2022/deprecated_echo.md',1,46,'2021-12-02 00:31:25'),(7,267747104607305738,'https://github.com/Esk3tit/ctf-writeups/blob/main/deprecated_echo-kaipan.md',1,47,'2021-12-02 00:31:46'),(7,250867697674354689,'https://github.com/TheLastMarfist/CTF-Writeups/blob/main/deprecated_echo.md',1,48,'2021-12-02 00:32:06'),(8,197139543135092736,'https://github.com/lucasballr/OSUSEC/blob/Main/chatwurst/README.md',1,49,'2022-01-13 19:49:47'),(8,267747104607305738,'https://github.com/Esk3tit/ctf-writeups/blob/main/chatwurst-kaipan.md',1,50,'2022-01-13 19:51:41');

INSERT INTO `challenges` (flag, points, name, download, access, description, category, num_weeks) VALUES ('osu{GOoD_lUCK_F1Nd1nG_7H15_M4rv1N_wOuLd_neVer_lE4k_4_fl4g}', 400, 'marvin', 'https://github.com/BobbySinclusto/marvin', 'https://discord.gg/nvezFTxNJy', 'On October first, 2021, during the first ctf-league meeting of the 2021-2022 school year, the ultra stable and super secure marvin was hacked (unintentionally) by one of our very own ctf-league players who had a single quote in their username. Luckily, no sensitive data was exposed and the bug(s) were fixed the same night that they were discovered. Tonight we\'re taking a step back in time, to find out how much damage the vulnerabilities could have caused if they had been left unchecked. The flag for tonight\'s challenge has been added to old_marvin\'s database. Good luck!\n\nHint: Bot commands in discord.py allow you to pass a string with spaces as an argument to a command when you surround the argument with double quotes.', 'rev', 1);